{
  "id": "1514798",
  "name": "股权",
  "font_family": "iconfont",
  "css_prefix_text": "icon",
  "description": "",
  "glyphs": [
    {
      "icon_id": "693699",
      "name": "企业管理",
      "font_class": "qiyeguanli",
      "unicode": "e67f",
      "unicode_decimal": 59007
    },
    {
      "icon_id": "704337",
      "name": "下拉",
      "font_class": "shouqi",
      "unicode": "e68f",
      "unicode_decimal": 59023
    },
    {
      "icon_id": "868118",
      "name": "icon-铃铛",
      "font_class": "iconlingdang",
      "unicode": "e60d",
      "unicode_decimal": 58893
    },
    {
      "icon_id": "932093",
      "name": "融资",
      "font_class": "rongz",
      "unicode": "e65e",
      "unicode_decimal": 58974
    },
    {
      "icon_id": "1048889",
      "name": "增加",
      "font_class": "icon_add",
      "unicode": "e62a",
      "unicode_decimal": 58922
    },
    {
      "icon_id": "1195327",
      "name": "导航",
      "font_class": "daohang",
      "unicode": "e602",
      "unicode_decimal": 58882
    },
    {
      "icon_id": "1256457",
      "name": "删除",
      "font_class": "shanchu",
      "unicode": "e603",
      "unicode_decimal": 58883
    },
    {
      "icon_id": "1428341",
      "name": "输入正确",
      "font_class": "shuruzhengque",
      "unicode": "e664",
      "unicode_decimal": 58980
    },
    {
      "icon_id": "1631392",
      "name": "编辑",
      "font_class": "tableedit",
      "unicode": "e61c",
      "unicode_decimal": 58908
    },
    {
      "icon_id": "1820805",
      "name": "搜索",
      "font_class": "sousuo",
      "unicode": "e744",
      "unicode_decimal": 59204
    },
    {
      "icon_id": "1920284",
      "name": "减",
      "font_class": "jian",
      "unicode": "e608",
      "unicode_decimal": 58888
    },
    {
      "icon_id": "2046148",
      "name": "小箭头",
      "font_class": "xiaojiantou",
      "unicode": "e651",
      "unicode_decimal": 58961
    },
    {
      "icon_id": "2127088",
      "name": "股权-01",
      "font_class": "guquan-",
      "unicode": "e620",
      "unicode_decimal": 58912
    },
    {
      "icon_id": "2253895",
      "name": "报错—叉",
      "font_class": "baocuocha",
      "unicode": "e619",
      "unicode_decimal": 58905
    },
    {
      "icon_id": "2480674",
      "name": "系统管理",
      "font_class": "xitongguanli",
      "unicode": "e632",
      "unicode_decimal": 58930
    },
    {
      "icon_id": "3588162",
      "name": "个人中心",
      "font_class": "gerenzhongxin",
      "unicode": "e625",
      "unicode_decimal": 58917
    },
    {
      "icon_id": "3680468",
      "name": "s-增加",
      "font_class": "zengjia",
      "unicode": "e604",
      "unicode_decimal": 58884
    },
    {
      "icon_id": "3864317",
      "name": "会员",
      "font_class": "huiyuan",
      "unicode": "e633",
      "unicode_decimal": 58931
    },
    {
      "icon_id": "3875044",
      "name": "通知",
      "font_class": "tongzhi",
      "unicode": "e60e",
      "unicode_decimal": 58894
    },
    {
      "icon_id": "4769034",
      "name": "更多",
      "font_class": "gengduo",
      "unicode": "e63f",
      "unicode_decimal": 58943
    },
    {
      "icon_id": "4853411",
      "name": "头像",
      "font_class": "touxiang-",
      "unicode": "e610",
      "unicode_decimal": 58896
    },
    {
      "icon_id": "5002939",
      "name": "Vip1",
      "font_class": "Vip",
      "unicode": "e650",
      "unicode_decimal": 58960
    },
    {
      "icon_id": "6109750",
      "name": "签到",
      "font_class": "qiandao-copy-copy",
      "unicode": "e601",
      "unicode_decimal": 58881
    },
    {
      "icon_id": "6129183",
      "name": "133短信、消息、信息",
      "font_class": "duanxinxiaoxixinxi",
      "unicode": "e797",
      "unicode_decimal": 59287
    },
    {
      "icon_id": "7124464",
      "name": "锁",
      "font_class": "suo",
      "unicode": "e61f",
      "unicode_decimal": 58911
    },
    {
      "icon_id": "7451744",
      "name": "键盘",
      "font_class": "jianpan",
      "unicode": "e618",
      "unicode_decimal": 58904
    },
    {
      "icon_id": "7741475",
      "name": "会员",
      "font_class": "huabanfuben",
      "unicode": "e606",
      "unicode_decimal": 58886
    },
    {
      "icon_id": "8473529",
      "name": "企业用户管理",
      "font_class": "qiyeyonghuguanli",
      "unicode": "e61d",
      "unicode_decimal": 58909
    },
    {
      "icon_id": "8840467",
      "name": "个人用户",
      "font_class": "zaixianquhao",
      "unicode": "e659",
      "unicode_decimal": 58969
    },
    {
      "icon_id": "9237365",
      "name": "数据管理",
      "font_class": "shujuguanli",
      "unicode": "e616",
      "unicode_decimal": 58902
    },
    {
      "icon_id": "9512665",
      "name": "下拉",
      "font_class": "toBottom-fill",
      "unicode": "e63d",
      "unicode_decimal": 58941
    },
    {
      "icon_id": "9809206",
      "name": "关  闭",
      "font_class": "guanbi",
      "unicode": "e600",
      "unicode_decimal": 58880
    },
    {
      "icon_id": "10061211",
      "name": "删除",
      "font_class": "shanchu1",
      "unicode": "e63b",
      "unicode_decimal": 58939
    },
    {
      "icon_id": "10351268",
      "name": "增加",
      "font_class": "lunkuodasan-",
      "unicode": "e607",
      "unicode_decimal": 58887
    },
    {
      "icon_id": "10459924",
      "name": "返 回",
      "font_class": "fanhui",
      "unicode": "e61b",
      "unicode_decimal": 58907
    },
    {
      "icon_id": "11250545",
      "name": "进行中",
      "font_class": "jinhangzhong",
      "unicode": "e64c",
      "unicode_decimal": 58956
    },
    {
      "icon_id": "11831451",
      "name": "下拉",
      "font_class": "xiala-copy",
      "unicode": "e690",
      "unicode_decimal": 59024
    }
  ]
}
